title,score,id,url,comms_num,created,author,body
Imposter Syndrome is a problem for me and I think this is the main contributor,2324,e6iy5o,https://i.redd.it/e292g50m4u241.jpg,137,1575589565.0,ExecutiveFingerblast,
True that,2124,ejvao9,https://i.redd.it/vh0ey1fgsm841.jpg,228,1578164030.0,PPCFPP,
DS at a glance,2105,dudedh,https://i.redd.it/mdlja2h1wvx31.jpg,94,1573431338.0,Siba911,
When the boss doesnâ€™t like your charts,1823,eb240z,https://i.redd.it/cyg4vip06u441.jpg,77,1576461416.0,threddyrex,
:),1808,ah0q69,https://i.redd.it/2qsivs4vz0b21.jpg,85,1547778123.0,keymado,
Beware of today's data,1680,eiiv4u,https://i.redd.it/6mi8w52fg6841.jpg,56,1577917741.0,postal__dude,
Expectation vs reality,1645,cqffii,https://i.redd.it/4f71u8ti5hg31.jpg,95,1565843506.0,da_chosen1,
Found this,1574,da5mhe,https://i.redd.it/itul8iw6z6p31.jpg,47,1569642941.0,Sir-_-Butters22,
The formatting struggle.,1499,cb0gte,https://i.redd.it/yjm3620my9931.jpg,97,1562705498.0,postal__dude,
"When you get an Excel Sheet of 1000x5 and your clients ask you to do ""Data Science"" on this with ""AI""",1495,e9cdf3,https://i.redd.it/hl8wcciu92441.jpg,233,1576123788.0,Roger20Federer,
K-means be like: Mine ! MINE ! MINE !,1433,d6buto,https://i.redd.it/apqss6kzxin31.jpg,29,1568916122.0,postal__dude,
The requirements for these data jobs are getting more and more demanding,1436,d74usq,https://i.redd.it/z9buaqr3yun31.png,66,1569061826.0,OneSaucyWaffle,
Data Scientists on languages...,1426,cu26yc,https://i.redd.it/tl3fmvuqv1i31.jpg,179,1566530361.0,dreyco,
How much real is it?? ðŸ˜‚ðŸ˜…,1175,e0puay,https://i.redd.it/jhg8s6eypi041.png,55,1574579446.0,Osiris_R,
[Humor] Difference between AI and ML,1139,bm73lw,https://i.redd.it/hl6xa45wg0x21.png,93,1557360432.0,analystdude,
